driver_id,phase,month_start,trips,distance_km,speeding_sum,harsh_brake_sum,rapid_accel_sum,swerve_sum,total_events_sum,mean_ubpk,rate_events_per_km,rate_speeding_per_km,rate_harsh_brake_per_km,rate_rapid_accel_per_km,rate_swerve_per_km,rate_total_events_per_km
04618512580e479ca2447d2d6e3e5a01,post,2025-04-01,2,12.545418322719263,0,7,6,4,17,1.377246522418524,1.3550763763065328,0.0,0.5579726255379841,0.47826225046112925,0.3188415003074195,1.3550763763065328
04618512580e479ca2447d2d6e3e5a01,post,2025-05-01,3,18.818558399973703,0,12,5,2,19,0.7311526942049088,1.009641631211589,0.0,0.637668398659951,0.2656951661083129,0.10627806644332516,1.009641631211589
04618512580e479ca2447d2d6e3e5a01,post,2025-06-01,2,7.689705124130009,0,3,3,1,7,0.7769958006651917,0.9103079880181959,0.0,0.3901319948649411,0.3901319948649411,0.1300439982883137,0.9103079880181959
04618512580e479ca2447d2d6e3e5a01,pre,2025-01-01,3,12.758527285403943,0,7,8,7,22,1.847501176889631,1.7243369479774142,0.0,0.5486526652655409,0.6270316174463325,0.5486526652655409,1.7243369479774142
04618512580e479ca2447d2d6e3e5a01,pre,2025-02-01,1,6.178799197567093,0,3,1,3,7,1.132906213031855,1.132906213031855,0.0,0.4855312341565093,0.16184374471883642,0.4855312341565093,1.132906213031855
04618512580e479ca2447d2d6e3e5a01,pre,2025-03-01,4,11.69479602258136,0,14,6,2,22,1.9489248275087006,1.8811785992265646,0.0,1.1971136540532683,0.5130487088799721,0.17101623629332405,1.8811785992265646
04618512580e479ca2447d2d6e3e5a01,pre,2025-04-01,2,9.117367657046222,0,13,11,3,27,2.9444075674592485,2.961381071337345,0.0,1.4258501454587218,1.2064885846189184,0.329042341259705,2.961381071337345
06fc09066ff54ee0b0298ef00f80d42d,post,2025-05-01,2,9.09992991708766,0,5,2,0,7,0.7705067056394032,0.7692366934448083,0.0,0.5494547810320058,0.21978191241280234,0.0,0.7692366934448083
06fc09066ff54ee0b0298ef00f80d42d,post,2025-06-01,1,3.5137739497493103,0,0,2,2,4,1.1383771572116583,1.1383771572116583,0.0,0.0,0.5691885786058292,0.5691885786058292,1.1383771572116583
06fc09066ff54ee0b0298ef00f80d42d,pre,2025-01-01,2,15.374854045766188,0,11,8,4,23,1.2713307041330546,1.4959491603325865,0.0,0.7154539462460197,0.5203301427243779,0.26016507136218897,1.4959491603325865
06fc09066ff54ee0b0298ef00f80d42d,pre,2025-02-01,2,10.898430395160965,0,9,3,2,14,1.3485025380856106,1.2845886510608142,0.0,0.8258069899676663,0.2752689966558888,0.18351266443725917,1.2845886510608142
06fc09066ff54ee0b0298ef00f80d42d,pre,2025-03-01,3,10.89784697018343,0,5,6,6,17,1.5466901318532564,1.5599411559468668,0.0,0.4588062223373138,0.5505674668047765,0.5505674668047765,1.5599411559468668
06fc09066ff54ee0b0298ef00f80d42d,pre,2025-04-01,1,4.704244056599274,0,2,4,2,8,1.7005920406653492,1.7005920406653492,0.0,0.4251480101663373,0.8502960203326746,0.4251480101663373,1.7005920406653492
0f67d8169e91426a88b8a32e5eb5dce0,post,2025-04-01,2,7.625440496281366,0,3,1,1,5,0.6026569818127522,0.6556998251364373,0.0,0.3934198950818624,0.13113996502728748,0.13113996502728748,0.6556998251364373
0f67d8169e91426a88b8a32e5eb5dce0,post,2025-05-01,4,17.843676435753242,0,7,6,8,21,1.3362479965209626,1.176887513938689,0.0,0.392295837979563,0.336253575411054,0.448338100548072,1.176887513938689
0f67d8169e91426a88b8a32e5eb5dce0,post,2025-06-01,1,6.459530277182829,0,3,1,1,5,0.7740500911748388,0.7740500911748388,0.0,0.46443005470490323,0.15481001823496776,0.15481001823496776,0.7740500911748388
0f67d8169e91426a88b8a32e5eb5dce0,pre,2025-01-01,2,9.265637569185927,0,2,2,8,12,1.4895024863743145,1.295107855276743,0.0,0.2158513092127905,0.2158513092127905,0.863405236851162,1.295107855276743
0f67d8169e91426a88b8a32e5eb5dce0,pre,2025-02-01,1,3.0964372144515044,0,0,0,0,0,0.0,0.0,0.0,0.0,0.0,0.0,0.0
0f67d8169e91426a88b8a32e5eb5dce0,pre,2025-03-01,1,2.8887916131826232,0,1,3,3,7,2.4231585165424927,2.4231585165424927,0.0,0.34616550236321325,1.0384965070896397,1.0384965070896397,2.4231585165424927
0f67d8169e91426a88b8a32e5eb5dce0,pre,2025-04-01,1,3.87448765022603,0,1,1,1,3,0.7742959252496225,0.7742959252496225,0.0,0.2580986417498742,0.2580986417498742,0.2580986417498742,0.7742959252496225
17dec2934ccd42d7b02d4264290dec04,post,2025-04-01,1,5.365986780023746,0,3,2,0,5,0.9317950649102928,0.9317950649102928,0.0,0.5590770389461757,0.37271802596411713,0.0,0.9317950649102928
17dec2934ccd42d7b02d4264290dec04,post,2025-05-01,5,24.802935308182736,0,16,14,7,37,1.4349489426964301,1.4917589204771795,0.0,0.6450849385847263,0.5644493212616355,0.28222466063081775,1.4917589204771795
17dec2934ccd42d7b02d4264290dec04,post,2025-06-01,3,14.406764769838958,0,9,2,3,14,0.9018813220507927,0.9717657103216862,0.0,0.6247065280639412,0.13882367290309805,0.20823550935464705,0.9717657103216862
17dec2934ccd42d7b02d4264290dec04,pre,2025-01-01,2,9.025209469039517,0,4,10,3,17,2.205350645130293,1.8836127912950456,0.0,0.4432030097164813,1.1080075242912033,0.33240225728736095,1.8836127912950456
17dec2934ccd42d7b02d4264290dec04,pre,2025-02-01,1,3.962107975001493,0,2,5,2,9,2.271518105206764,2.271518105206764,0.0,0.5047818011570587,1.2619545028926467,0.5047818011570587,2.271518105206764
17dec2934ccd42d7b02d4264290dec04,pre,2025-03-01,4,28.04932500587548,0,20,15,7,42,1.4706058196134557,1.4973622356759841,0.0,0.713029636036183,0.5347722270271372,0.24956037261266403,1.4973622356759841
17dec2934ccd42d7b02d4264290dec04,pre,2025-04-01,2,12.798717725530755,0,5,5,1,11,0.8905372018853603,0.8594610988300264,0.0,0.3906641358318302,0.3906641358318302,0.07813282716636605,0.8594610988300264
1e1f0a5baf04452ba71ce31f721700a7,post,2025-05-01,4,15.236629882894082,0,8,7,7,22,1.3749470838614155,1.4438888500336313,0.0,0.5250504909213205,0.45941917955615547,0.45941917955615547,1.4438888500336313
1e1f0a5baf04452ba71ce31f721700a7,post,2025-06-01,1,9.860584379810666,0,11,6,4,21,2.129691222256264,2.129691222256264,0.0,1.1155525449913763,0.6084832063589325,0.405655470905955,2.129691222256264
1e1f0a5baf04452ba71ce31f721700a7,pre,2025-02-01,1,5.3217281333254265,0,0,8,1,9,1.6911799653275608,1.6911799653275608,0.0,0.0,1.5032710802911653,0.18790888503639566,1.6911799653275608
1e1f0a5baf04452ba71ce31f721700a7,pre,2025-03-01,2,7.0565493361314235,0,11,4,1,16,2.2866011084905686,2.267397170749691,0.0,1.5588355548904125,0.5668492926874228,0.1417123231718557,2.267397170749691
1e1f0a5baf04452ba71ce31f721700a7,pre,2025-04-01,1,5.952413685301996,0,3,6,3,12,2.015988913813402,2.015988913813402,0.0,0.5039972284533505,1.007994456906701,0.5039972284533505,2.015988913813402
24f36baf8aab424092875a3c5518c34c,post,2025-05-01,3,11.26451320413167,0,8,2,3,13,1.0336068316417968,1.154066737232087,0.0,0.7101949152197459,0.17754872880493647,0.2663230932074047,1.154066737232087
24f36baf8aab424092875a3c5518c34c,post,2025-06-01,5,15.20947784737368,0,3,5,2,10,0.5967648860182573,0.6574847670873044,0.0,0.1972454301261913,0.3287423835436522,0.13149695341746087,0.6574847670873044
24f36baf8aab424092875a3c5518c34c,pre,2025-02-01,2,7.48526609369538,0,4,5,3,12,1.533405277714067,1.6031494204470897,0.0,0.53438314014903,0.6679789251862874,0.40078735511177244,1.6031494204470897
24f36baf8aab424092875a3c5518c34c,pre,2025-03-01,1,4.321437318255682,0,1,0,4,5,1.1570224515065315,1.1570224515065315,0.0,0.2314044903013063,0.0,0.9256179612052252,1.1570224515065315
24f36baf8aab424092875a3c5518c34c,pre,2025-04-01,1,5.581747720347868,0,5,2,1,8,1.4332428480844028,1.4332428480844028,0.0,0.8957767800527517,0.3583107120211007,0.17915535601055035,1.4332428480844028
27efe841acc44f5099a1160226e06ccb,post,2025-05-01,5,30.732414569625085,0,12,8,11,31,0.9091528247674745,1.0087069445769936,0.0,0.3904672043523846,0.2603114695682564,0.3579282706563526,1.0087069445769936
27efe841acc44f5099a1160226e06ccb,post,2025-06-01,2,8.485440298058682,0,4,4,0,8,0.9523740346002073,0.9427913837105492,0.0,0.4713956918552746,0.4713956918552746,0.0,0.9427913837105492
27efe841acc44f5099a1160226e06ccb,pre,2025-01-01,2,7.54387892097373,0,6,5,5,16,2.28112607690721,2.1209248143572794,0.0,0.7953468053839797,0.6627890044866498,0.6627890044866498,2.1209248143572794
27efe841acc44f5099a1160226e06ccb,pre,2025-02-01,2,16.835947622138455,0,12,7,3,22,1.3688404845927011,1.3067277526494003,0.0,0.7127605923542184,0.4157770122066274,0.1781901480885546,1.3067277526494003
27efe841acc44f5099a1160226e06ccb,pre,2025-03-01,2,7.839249465187402,0,5,2,1,8,1.1810388200271642,1.0205058578026456,0.0,0.6378161611266535,0.2551264644506614,0.1275632322253307,1.0205058578026456
27efe841acc44f5099a1160226e06ccb,pre,2025-04-01,1,2.7796108244916846,0,1,1,0,2,0.7195251876189342,0.7195251876189342,0.0,0.3597625938094671,0.3597625938094671,0.0,0.7195251876189342
348ab9962ece4e55b0ce9aa04adaf71b,post,2025-04-01,1,3.311738720007945,0,0,1,2,3,0.905868564411628,0.9058685644116281,0.0,0.0,0.30195618813720937,0.6039123762744187,0.9058685644116281
348ab9962ece4e55b0ce9aa04adaf71b,post,2025-05-01,3,11.315723776812789,0,7,7,1,15,1.2523547505394417,1.3255890914142598,0.0,0.6186082426599879,0.6186082426599879,0.08837260609428398,1.3255890914142598
348ab9962ece4e55b0ce9aa04adaf71b,post,2025-06-01,2,7.321204844279533,0,1,2,1,4,0.38999690433832374,0.5463581589477616,0.0,0.1365895397369404,0.2731790794738808,0.1365895397369404,0.5463581589477616
348ab9962ece4e55b0ce9aa04adaf71b,pre,2025-01-01,3,16.0073052845919,0,10,20,6,36,2.2143153508758355,2.2489731631877103,0.0,0.6247147675521417,1.2494295351042835,0.37482886053128506,2.2489731631877103
348ab9962ece4e55b0ce9aa04adaf71b,pre,2025-02-01,2,9.53482342206745,0,6,4,6,16,1.8280670767922058,1.6780593925808325,0.0,0.6292722722178121,0.4195148481452081,0.6292722722178121,1.6780593925808325
348ab9962ece4e55b0ce9aa04adaf71b,pre,2025-03-01,2,9.773123130337144,0,6,6,4,16,1.636775837098662,1.6371429876222225,0.0,0.6139286203583335,0.6139286203583335,0.40928574690555564,1.6371429876222225
3851f86078c147048498bac873d32bb9,post,2025-05-01,3,16.752396726140805,0,9,0,6,15,1.0556048966522305,0.8953942677702751,0.0,0.5372365606621651,0.0,0.35815770710811,0.8953942677702751
3851f86078c147048498bac873d32bb9,post,2025-06-01,3,8.901859183834608,0,5,6,3,14,1.4024772965592236,1.5727051743778868,0.0,0.5616804194206738,0.6740165033048087,0.33700825165240433,1.5727051743778868
3851f86078c147048498bac873d32bb9,pre,2025-01-01,2,8.440722554490831,0,7,3,4,14,1.6586721972506235,1.6586257763621661,0.0,0.8293128881810831,0.3554198092204641,0.4738930789606189,1.6586257763621661
3851f86078c147048498bac873d32bb9,pre,2025-03-01,2,8.486682643367113,0,10,10,4,24,3.0027836731006614,2.827960112159672,0.0,1.1783167133998633,1.1783167133998633,0.4713266853599453,2.827960112159672
3851f86078c147048498bac873d32bb9,pre,2025-04-01,3,11.514643061995194,0,14,10,6,30,2.59529147618267,2.6053781987404276,0.0,1.2158431594121994,0.8684593995801425,0.5210756397480855,2.6053781987404276
39db2e32f4444b148643a4108c7fc103,post,2025-04-01,1,3.383340005687759,0,1,1,4,6,1.7733955174216465,1.7733955174216465,0.0,0.2955659195702744,0.2955659195702744,1.1822636782810976,1.7733955174216465
39db2e32f4444b148643a4108c7fc103,post,2025-05-01,3,7.5721804465954206,0,5,6,1,12,1.5996756908738992,1.5847482881097217,0.0,0.660311786712384,0.7923741440548608,0.1320623573424768,1.5847482881097217
39db2e32f4444b148643a4108c7fc103,post,2025-06-01,5,19.868357342566025,0,7,6,9,22,1.1484558707984907,1.1072883188418974,0.0,0.35231901054060366,0.30198772332051743,0.4529815849807762,1.1072883188418974
39db2e32f4444b148643a4108c7fc103,pre,2025-01-01,1,6.229701564151245,0,3,3,3,9,1.4446919980549966,1.4446919980549966,0.0,0.48156399935166555,0.48156399935166555,0.48156399935166555,1.4446919980549966
39db2e32f4444b148643a4108c7fc103,pre,2025-02-01,1,5.748342041000516,0,7,4,5,16,2.783411266392762,2.783411266392762,0.0,1.2177424290468333,0.6958528165981905,0.8698160207477381,2.783411266392762
39db2e32f4444b148643a4108c7fc103,pre,2025-03-01,2,6.933285923608729,0,3,3,3,9,1.147140457252918,1.298085799311095,0.0,0.43269526643703166,0.43269526643703166,0.43269526643703166,1.298085799311095
3e5ec44cde6d4304ab58443d90368274,post,2025-04-01,16,0.0,0,0,0,0,0,0.0,0.0,0.0,0.0,0.0,0.0,0.0
3e5ec44cde6d4304ab58443d90368274,post,2025-05-01,14,12.184447338093708,0,4,8,11,23,0.29118092335465146,1.887652296554504,0.0,0.3282873559225224,0.6565747118450448,0.9027902287869366,1.887652296554504
3e5ec44cde6d4304ab58443d90368274,post,2025-06-01,8,17.466907068762943,0,6,12,4,22,0.7304207805513289,1.259524649292023,0.0,0.34350672253418807,0.6870134450683761,0.2290044816894587,1.259524649292023
3e5ec44cde6d4304ab58443d90368274,pre,2025-01-01,5,18.230427505030363,0,10,7,6,23,1.2423624417546189,1.2616270240318588,0.0,0.5485334887095038,0.38397344209665263,0.3291200932257023,1.2616270240318588
3e5ec44cde6d4304ab58443d90368274,pre,2025-02-01,1,3.2395493205357453,0,2,2,3,7,2.160794390635289,2.160794390635289,0.0,0.6173698258957968,0.6173698258957968,0.9260547388436953,2.160794390635289
3e5ec44cde6d4304ab58443d90368274,pre,2025-03-01,2,7.452843554005534,0,2,5,2,9,1.1789327018374665,1.2075927711058614,0.0,0.2683539491346359,0.6708848728365897,0.2683539491346359,1.2075927711058614
3e7365e2a1894d95b115a245ed9af0ec,post,2025-04-01,1,9.967177687052471,0,6,4,7,17,1.7055981676822398,1.7055981676822398,0.0,0.6019758238878493,0.4013172159252329,0.7023051278691576,1.7055981676822398
3e7365e2a1894d95b115a245ed9af0ec,post,2025-05-01,2,5.66693357813195,0,1,4,3,8,1.4366540478984628,1.4116982120402977,0.0,0.1764622765050372,0.7058491060201488,0.5293868295151116,1.4116982120402977
3e7365e2a1894d95b115a245ed9af0ec,post,2025-06-01,6,22.59921582725193,0,7,8,1,16,0.8273181507716961,0.7079891675137653,0.0,0.30974526078727227,0.35399458375688264,0.04424932296961033,0.7079891675137653
3e7365e2a1894d95b115a245ed9af0ec,pre,2025-01-01,2,12.392320751863423,0,6,5,5,16,1.3684081020163439,1.2911221651194023,0.0,0.4841708119197758,0.40347567659981315,0.40347567659981315,1.2911221651194023
3e7365e2a1894d95b115a245ed9af0ec,pre,2025-03-01,6,29.31070416593616,0,12,16,10,38,1.3570777907987155,1.2964546939872645,0.0,0.40940674546966244,0.5458756606262166,0.3411722878913854,1.2964546939872645
3e7365e2a1894d95b115a245ed9af0ec,pre,2025-04-01,2,6.0550225420972215,0,1,6,6,13,2.354429766527394,2.1469779690526654,0.0,0.16515215146558965,0.9909129087935379,0.9909129087935379,2.1469779690526654
3ff40565ba464936b28420c370651622,post,2025-05-01,4,15.241672174706983,0,6,9,2,17,1.2547037041746771,1.1153631835889306,0.0,0.3936575942078579,0.5904863913117868,0.13121919806928595,1.1153631835889306
3ff40565ba464936b28420c370651622,post,2025-06-01,1,6.251074892165512,0,2,4,4,10,1.5997248749223951,1.5997248749223953,0.0,0.31994497498447905,0.6398899499689581,0.6398899499689581,1.5997248749223953
3ff40565ba464936b28420c370651622,pre,2025-01-01,3,13.212636928400379,0,4,6,3,13,1.3740508316646132,0.9839065487417339,0.0,0.3027404765359181,0.45411071480387716,0.22705535740193858,0.9839065487417339
3ff40565ba464936b28420c370651622,pre,2025-02-01,4,13.853245675022594,0,6,6,6,18,1.3271046751244342,1.2993344969297704,0.0,0.4331114989765901,0.4331114989765901,0.4331114989765901,1.2993344969297704
3ff40565ba464936b28420c370651622,pre,2025-03-01,1,2.6323741720094844,0,3,2,1,6,2.279311225508553,2.279311225508553,0.0,1.1396556127542765,0.7597704085028509,0.37988520425142547,2.279311225508553
3ff40565ba464936b28420c370651622,pre,2025-04-01,2,9.51101282272316,0,7,4,4,15,1.8076710045097548,1.5771191017809238,0.0,0.7359889141644311,0.4205650938082464,0.4205650938082464,1.5771191017809238
40eac30faba0435da0d7213f8cfc9c32,post,2025-05-01,3,17.750865121650804,0,11,8,4,23,1.1351712959091793,1.295711495883477,0.0,0.6196881067268802,0.4506822594377311,0.22534112971886555,1.295711495883477
40eac30faba0435da0d7213f8cfc9c32,post,2025-06-01,2,6.099943549972231,0,3,3,0,6,0.9812014220071684,0.9836156598575923,0.0,0.4918078299287961,0.4918078299287961,0.0,0.9836156598575923
40eac30faba0435da0d7213f8cfc9c32,pre,2025-01-01,3,9.46370102296914,0,5,2,4,11,1.3112938119492201,1.162335958553862,0.0,0.5283345266153918,0.21133381064615672,0.42266762129231344,1.162335958553862
40eac30faba0435da0d7213f8cfc9c32,pre,2025-02-01,1,3.495022510495415,0,3,1,0,4,1.1444847602520891,1.1444847602520893,0.0,0.858363570189067,0.28612119006302233,0.0,1.1444847602520893
40eac30faba0435da0d7213f8cfc9c32,pre,2025-03-01,1,1.4453287967738793,0,0,2,1,3,2.0756522714390697,2.0756522714390697,0.0,0.0,1.3837681809593798,0.6918840904796899,2.0756522714390697
43b16573fdbc466184844ca9d858b626,post,2025-04-01,1,3.381052255375815,0,4,0,0,4,1.1830636434678194,1.1830636434678194,0.0,1.1830636434678194,0.0,0.0,1.1830636434678194
43b16573fdbc466184844ca9d858b626,post,2025-05-01,2,11.148505269546632,0,3,2,3,8,0.7556253030092759,0.7175849862001572,0.0,0.26909436982505897,0.1793962465500393,0.26909436982505897,0.7175849862001572
43b16573fdbc466184844ca9d858b626,post,2025-06-01,1,1.9925411252572875,0,3,2,2,7,3.513101893490968,3.5131018934909677,0.0,1.5056150972104148,1.0037433981402764,1.0037433981402764,3.5131018934909677
43b16573fdbc466184844ca9d858b626,pre,2025-01-01,3,10.422496277553654,0,3,1,3,7,0.6173398386394778,0.6716241304950626,0.0,0.2878389130693126,0.09594630435643753,0.2878389130693126,0.6716241304950626
43b16573fdbc466184844ca9d858b626,pre,2025-02-01,2,7.644644526069522,0,2,3,2,7,0.9478630951010237,0.915673708061745,0.0,0.26162105944621283,0.39243158916931925,0.26162105944621283,0.915673708061745
43b16573fdbc466184844ca9d858b626,pre,2025-03-01,2,5.1226490831597635,0,4,1,1,6,1.1908422198720392,1.1712689865336368,0.0,0.7808459910224246,0.19521149775560614,0.19521149775560614,1.1712689865336368
43b16573fdbc466184844ca9d858b626,pre,2025-04-01,1,8.93231807191657,0,5,6,3,14,1.5673423054667466,1.5673423054667466,0.0,0.5597651090952667,0.67171813091432,0.33585906545716,1.5673423054667466
446b1e2317304addbacd77c47114dac3,post,2025-04-01,2,12.98289861112755,0,7,4,2,13,1.0114542486746654,1.0013172242489663,0.0,0.5391708130571358,0.30809760746122045,0.15404880373061022,1.0013172242489663
446b1e2317304addbacd77c47114dac3,post,2025-05-01,3,12.014031935210205,0,7,2,0,9,0.746519905561843,0.749124028347485,0.0,0.5826520220480439,0.16647200629944112,0.0,0.749124028347485
446b1e2317304addbacd77c47114dac3,post,2025-06-01,4,25.391249995778598,0,8,11,4,23,0.9664061246423109,0.9058238567941258,0.0,0.3150691675805655,0.43322010542327755,0.15753458379028276,0.9058238567941258
446b1e2317304addbacd77c47114dac3,pre,2025-01-01,1,3.97584679804432,0,4,3,0,7,1.7606312203586996,1.7606312203586996,0.0,1.006074983062114,0.7545562372965856,0.0,1.7606312203586996
446b1e2317304addbacd77c47114dac3,pre,2025-02-01,2,7.491058427471382,0,1,2,3,6,0.7892517584885244,0.8009549061847738,0.0,0.13349248436412897,0.26698496872825794,0.4004774530923869,0.8009549061847738
446b1e2317304addbacd77c47114dac3,pre,2025-03-01,1,3.8620303948220975,0,2,0,0,2,0.5178623147765591,0.5178623147765591,0.0,0.5178623147765591,0.0,0.0,0.5178623147765591
54767952a9c2411ab0d1686941ebbd26,post,2025-04-01,1,5.093280685232944,0,2,2,3,7,1.3743597560400014,1.3743597560400014,0.0,0.39267421601142893,0.39267421601142893,0.5890113240171434,1.3743597560400014
54767952a9c2411ab0d1686941ebbd26,post,2025-05-01,2,5.835572874992666,0,3,2,1,6,1.0320067681215317,1.028176689509261,0.0,0.5140883447546305,0.34272556316975367,0.17136278158487683,1.028176689509261
54767952a9c2411ab0d1686941ebbd26,post,2025-06-01,2,12.422122750625157,0,4,8,3,15,1.1399125426752412,1.2075230861202937,0.0,0.32200615629874496,0.6440123125974899,0.24150461722405872,1.2075230861202937
54767952a9c2411ab0d1686941ebbd26,pre,2025-01-01,2,5.695679720984407,0,2,3,3,8,1.4045837048668512,1.4045733594404652,0.0,0.3511433398601163,0.5267150097901745,0.5267150097901745,1.4045733594404652
54767952a9c2411ab0d1686941ebbd26,pre,2025-02-01,2,10.487570720947037,0,5,8,6,19,1.8113118698826174,1.8116683553848096,0.0,0.47675483036442357,0.7628077285830777,0.5721057964373083,1.8116683553848096
54767952a9c2411ab0d1686941ebbd26,pre,2025-03-01,3,14.443859244641777,0,11,11,3,25,1.7403609446226695,1.730839353704878,0.0,0.7615693156301463,0.7615693156301463,0.20770072244458535,1.730839353704878
54767952a9c2411ab0d1686941ebbd26,pre,2025-04-01,1,3.104300170662572,0,2,5,0,7,2.254936576737662,2.254936576737662,0.0,0.6442675933536177,1.6106689833840444,0.0,2.254936576737662
58a1c1708edb4a75be19901e378e0285,post,2025-04-01,1,2.711719341408953,0,3,1,4,8,2.9501578123654078,2.9501578123654073,0.0,1.1063091796370277,0.3687697265456759,1.4750789061827037,2.9501578123654073
58a1c1708edb4a75be19901e378e0285,post,2025-05-01,2,9.263161939104577,0,5,0,3,8,0.8629857352612156,0.863635986566086,0.0,0.5397724916038038,0.0,0.32386349496228223,0.863635986566086
58a1c1708edb4a75be19901e378e0285,post,2025-06-01,1,4.734650640016239,0,7,0,1,8,1.68967060259647,1.6896706025964696,0.0,1.4784617772719109,0.0,0.2112088253245587,1.6896706025964696
58a1c1708edb4a75be19901e378e0285,pre,2025-01-01,4,21.24373911204823,0,5,5,5,15,0.7684560721762765,0.7060903883673124,0.0,0.23536346278910414,0.23536346278910414,0.23536346278910414,0.7060903883673124
58a1c1708edb4a75be19901e378e0285,pre,2025-02-01,2,10.065724651231225,0,3,3,4,10,1.028299780874875,0.9934704501157614,0.0,0.2980411350347284,0.2980411350347284,0.39738818004630455,0.9934704501157614
58a1c1708edb4a75be19901e378e0285,pre,2025-03-01,3,12.479271566379472,0,3,3,5,11,0.7381595891635159,0.8814617056363456,0.0,0.24039864699173064,0.24039864699173064,0.40066441165288436,0.8814617056363456
5952789bad7b454e96bce0fed9c90344,post,2025-04-01,3,2.356134419627491,0,0,0,1,1,0.14147466738592693,0.42442400215778087,0.0,0.0,0.0,0.42442400215778087,0.42442400215778087
5952789bad7b454e96bce0fed9c90344,post,2025-05-01,2,8.10399126527371,0,4,2,1,7,0.8636138834412947,0.863771908293583,0.0,0.4935839475963331,0.24679197379816656,0.12339598689908328,0.863771908293583
5952789bad7b454e96bce0fed9c90344,post,2025-06-01,2,5.347213047947592,0,2,0,0,2,0.29350320840081373,0.3740266157466188,0.0,0.3740266157466188,0.0,0.0,0.3740266157466188
5952789bad7b454e96bce0fed9c90344,pre,2025-01-01,1,4.918432209140402,0,3,0,0,3,0.6099504623495283,0.6099504623495283,0.0,0.6099504623495283,0.0,0.0,0.6099504623495283
5952789bad7b454e96bce0fed9c90344,pre,2025-02-01,3,17.185585569865356,0,12,9,8,29,1.5152951282580085,1.6874606851250402,0.0,0.6982595938448443,0.5236946953836332,0.46550639589656284,1.6874606851250402
5952789bad7b454e96bce0fed9c90344,pre,2025-03-01,3,8.002244371227285,0,2,2,3,7,0.6733150398008633,0.8747545907456994,0.0,0.24992988307019984,0.24992988307019984,0.37489482460529977,0.8747545907456994
61766dd5d46f40f499602f7f5fb97620,post,2025-05-01,2,7.607460390717475,0,6,4,1,11,1.4244916480949592,1.4459490335857756,0.0,0.7886994728649686,0.5257996485766457,0.13144991214416143,1.4459490335857756
61766dd5d46f40f499602f7f5fb97620,post,2025-06-01,2,8.954524825521576,0,0,1,1,2,0.15746242224310794,0.22335076835118448,0.0,0.0,0.11167538417559224,0.11167538417559224,0.22335076835118448
61766dd5d46f40f499602f7f5fb97620,pre,2025-01-01,3,12.942016937094682,0,3,8,2,13,0.7361303906754425,1.0044802184379102,0.0,0.23180312733182545,0.6181416728848679,0.15453541822121697,1.0044802184379102
61766dd5d46f40f499602f7f5fb97620,pre,2025-02-01,1,11.390656199891666,0,11,4,1,16,1.4046600756989025,1.4046600756989025,0.0,0.9657038020429954,0.3511650189247256,0.0877912547311814,1.4046600756989025
61766dd5d46f40f499602f7f5fb97620,pre,2025-04-01,1,2.927300346075905,0,3,2,2,7,2.391281786094692,2.3912817860946918,0.0,1.0248350511834394,0.6832233674556263,0.6832233674556263,2.3912817860946918
63abe8bd8a454c878093476d92bbefc4,post,2025-04-01,1,3.0906657135127125,0,0,2,0,2,0.6471097767887972,0.6471097767887972,0.0,0.0,0.6471097767887972,0.0,0.6471097767887972
63abe8bd8a454c878093476d92bbefc4,post,2025-05-01,2,5.402230005767164,0,2,1,3,6,1.0547494405461781,1.1106524515977079,0.0,0.3702174838659026,0.1851087419329513,0.5553262257988539,1.1106524515977079
63abe8bd8a454c878093476d92bbefc4,post,2025-06-01,2,8.121543775191078,0,3,2,4,9,0.9371713696773769,1.1081637000458393,0.0,0.36938790001527977,0.2462586000101865,0.492517200020373,1.1081637000458393
63abe8bd8a454c878093476d92bbefc4,pre,2025-01-01,2,7.758949012781994,0,4,2,3,9,1.1313463368572263,1.1599509141216826,0.0,0.5155337396096367,0.25776686980481833,0.3866503047072275,1.1599509141216826
63abe8bd8a454c878093476d92bbefc4,pre,2025-02-01,4,19.441955435477542,0,7,10,7,24,1.0491972877867894,1.2344437307064788,0.0,0.360046088122723,0.5143515544610329,0.360046088122723,1.2344437307064788
63abe8bd8a454c878093476d92bbefc4,pre,2025-03-01,3,10.180903084388563,0,7,4,5,16,1.5829961258945275,1.5715698172723462,0.0,0.6875617950566515,0.39289245431808656,0.4911155678976082,1.5715698172723462
63abe8bd8a454c878093476d92bbefc4,pre,2025-04-01,1,3.340272221271785,0,4,2,0,6,1.796260784312825,1.7962607843128253,0.0,1.1975071895418836,0.5987535947709418,0.0,1.7962607843128253
6651a7b1ae6342e0bca120ed8da2207e,post,2025-04-01,2,6.347765194800565,0,2,3,0,5,0.8196705365306758,0.7876787887641913,0.0,0.3150715155056765,0.4726072732585148,0.0,0.7876787887641913
6651a7b1ae6342e0bca120ed8da2207e,post,2025-05-01,3,16.068069415498908,0,12,8,5,25,1.593706361971235,1.5558807566443265,0.0,0.7468227631892767,0.49788184212618447,0.3111761513288653,1.5558807566443265
6651a7b1ae6342e0bca120ed8da2207e,post,2025-06-01,4,22.92535874279062,0,12,6,4,22,0.8378990727826379,0.9596360190838182,0.0,0.5234378285911736,0.2617189142955868,0.17447927619705786,0.9596360190838182
6651a7b1ae6342e0bca120ed8da2207e,pre,2025-01-01,1,4.296274829388251,0,1,2,1,4,0.9310391347961234,0.9310391347961234,0.0,0.23275978369903086,0.4655195673980617,0.23275978369903086,0.9310391347961234
6651a7b1ae6342e0bca120ed8da2207e,pre,2025-03-01,3,13.693199819303176,0,3,5,3,11,0.7873293283180741,0.8033184460284734,0.0,0.21908684891685637,0.3651447481947606,0.21908684891685637,0.8033184460284734
6900c77cf75e4db28adbac15140e3931,post,2025-04-01,1,5.1657730242159525,0,4,4,0,8,1.5486549568666383,1.5486549568666383,0.0,0.7743274784333192,0.7743274784333192,0.0,1.5486549568666383
6900c77cf75e4db28adbac15140e3931,post,2025-05-01,2,11.3145510395751,0,6,5,3,14,1.253184522650249,1.2373447210615744,0.0,0.5302905947406747,0.4419088289505623,0.2651452973703374,1.2373447210615744
6900c77cf75e4db28adbac15140e3931,post,2025-06-01,2,8.344390781091043,0,9,5,3,17,2.051729949510493,2.0372967237492228,0.0,1.0785688537495886,0.5992049187497714,0.35952295124986283,2.0372967237492228
6900c77cf75e4db28adbac15140e3931,pre,2025-01-01,2,9.88230541902496,0,6,7,0,13,1.29781067363543,1.3154825163542303,0.0,0.6071457767788755,0.7083367395753548,0.0,1.3154825163542303
6900c77cf75e4db28adbac15140e3931,pre,2025-02-01,4,20.932925077836323,0,9,8,5,22,1.0447053522386767,1.0509759108292749,0.0,0.42994469079379427,0.3821730584833727,0.23885816155210793,1.0509759108292749
6900c77cf75e4db28adbac15140e3931,pre,2025-03-01,2,12.648119633496215,0,5,13,3,21,1.6075038969118172,1.6603258514716581,0.0,0.3953156789218234,1.0278207651967408,0.23718940735309402,1.6603258514716581
6d3af7163bb74225818446ad551185a6,post,2025-04-01,2,6.160303678783556,0,4,3,0,7,1.2705361130326485,1.1363076180981801,0.0,0.6493186389132458,0.4869889791849344,0.0,1.1363076180981801
6d3af7163bb74225818446ad551185a6,post,2025-05-01,3,13.870552305265566,0,8,3,3,14,0.8443099312645858,1.0093325551777266,0.0,0.576761460101558,0.21628554753808427,0.21628554753808427,1.0093325551777266
6d3af7163bb74225818446ad551185a6,post,2025-06-01,4,17.90444007081351,0,8,7,4,19,1.0418200296195574,1.061189287397621,0.0,0.4468165420621562,0.3909644743043867,0.2234082710310781,1.061189287397621
6d3af7163bb74225818446ad551185a6,pre,2025-01-01,3,12.817613653715075,0,7,8,4,19,1.3776589337271552,1.4823352078873913,0.0,0.546123497642723,0.6241411401631121,0.31207057008155603,1.4823352078873913
6d3af7163bb74225818446ad551185a6,pre,2025-02-01,2,8.346392852661419,0,8,4,4,16,2.0174050524769473,1.9169957947639706,0.0,0.9584978973819853,0.47924894869099266,0.47924894869099266,1.9169957947639706
6d3af7163bb74225818446ad551185a6,pre,2025-03-01,1,8.392249953013923,0,8,8,1,17,2.0256784646761816,2.0256784646761816,0.0,0.9532604539652618,0.9532604539652618,0.11915755674565773,2.0256784646761816
6d3af7163bb74225818446ad551185a6,pre,2025-04-01,1,7.921411784838389,0,6,4,4,14,1.7673617254434433,1.7673617254434433,0.0,0.7574407394757614,0.5049604929838409,0.5049604929838409,1.7673617254434433
7c9d6a121cef4c908c451171d246a97d,post,2025-04-01,1,0.0,0,0,0,0,0,0.0,0.0,0.0,0.0,0.0,0.0,0.0
7c9d6a121cef4c908c451171d246a97d,post,2025-05-01,1,5.444729597334061,0,0,1,1,2,0.3673276999796782,0.3673276999796782,0.0,0.0,0.1836638499898391,0.1836638499898391,0.3673276999796782
7c9d6a121cef4c908c451171d246a97d,post,2025-06-01,2,17.70194094624217,0,7,8,1,16,0.9264553641014425,0.9038556872712048,0.0,0.3954368631811521,0.4519278436356024,0.0564909804544503,0.9038556872712048
7c9d6a121cef4c908c451171d246a97d,pre,2025-01-01,3,13.472742241870403,0,7,5,4,16,1.3105478555674985,1.1875830259912061,0.0,0.5195675738711527,0.37111969562225194,0.29689575649780153,1.1875830259912061
7c9d6a121cef4c908c451171d246a97d,pre,2025-02-01,6,25.87574652885298,0,15,14,6,35,1.624409647559417,1.3526179799671845,0.0,0.5796934199859362,0.5410471919868738,0.23187736799437447,1.3526179799671845
7c9d6a121cef4c908c451171d246a97d,pre,2025-03-01,1,5.513923443448839,0,5,2,0,7,1.269513454764554,1.269513454764554,0.0,0.9067953248318241,0.36271812993272967,0.0,1.269513454764554
80be0493a84549a69b4069f25939d72b,post,2025-04-01,2,8.52152473088839,0,4,3,1,8,0.8388511399305578,0.9387991295738434,0.0,0.4693995647869217,0.3520496735901913,0.11734989119673042,0.9387991295738434
80be0493a84549a69b4069f25939d72b,post,2025-05-01,3,9.658039825344478,0,7,2,1,10,0.8738768511376102,1.03540678862787,0.0,0.724784752039509,0.207081357725574,0.103540678862787,1.03540678862787
80be0493a84549a69b4069f25939d72b,post,2025-06-01,4,11.357233191048547,0,6,8,1,15,1.2386747235792086,1.320744211875704,0.0,0.5282976847502816,0.7043969130003754,0.08804961412504693,1.320744211875704
80be0493a84549a69b4069f25939d72b,pre,2025-02-01,1,6.847487739216722,0,2,5,6,13,1.8985065026910235,1.8985065026910233,0.0,0.29207792349092665,0.7301948087273167,0.87623377047278,1.8985065026910233
80be0493a84549a69b4069f25939d72b,pre,2025-03-01,1,4.574692935404887,0,0,3,3,6,1.311563439277912,1.311563439277912,0.0,0.0,0.655781719638956,0.655781719638956,1.311563439277912
80be0493a84549a69b4069f25939d72b,pre,2025-04-01,2,7.072509444907112,0,6,4,2,12,1.5183104382505204,1.6967103534433814,0.0,0.8483551767216907,0.5655701178144605,0.28278505890723027,1.6967103534433814
8c8b69c30829410ba97add4d99084ca2,post,2025-04-01,1,5.093809456972629,0,2,3,1,6,1.177900361346838,1.177900361346838,0.0,0.3926334537822793,0.588950180673419,0.19631672689113966,1.177900361346838
8c8b69c30829410ba97add4d99084ca2,post,2025-05-01,3,13.62033879307828,0,11,5,8,24,1.9543883614277586,1.762070706508164,0.0,0.8076157404829085,0.3670980638558675,0.587356902169388,1.762070706508164
8c8b69c30829410ba97add4d99084ca2,post,2025-06-01,3,11.452042849273056,0,4,5,4,13,1.1629156582116364,1.1351686481705057,0.0,0.34928266097554017,0.4366033262194252,0.34928266097554017,1.1351686481705057
8c8b69c30829410ba97add4d99084ca2,pre,2025-02-01,2,8.372149010343488,0,6,5,3,14,1.6091778618737549,1.67221103956744,0.0,0.7166618741003316,0.5972182284169429,0.3583309370501658,1.67221103956744
8c8b69c30829410ba97add4d99084ca2,pre,2025-03-01,1,3.115517492730007,0,2,4,3,9,2.8887656772915915,2.8887656772915915,0.0,0.6419479282870203,1.2838958565740406,0.9629218924305305,2.8887656772915915
8c8b69c30829410ba97add4d99084ca2,pre,2025-04-01,3,13.328573264734347,0,7,8,5,20,1.621841878434031,1.5005356989646725,0.0,0.5251874946376354,0.600214279585869,0.37513392474116813,1.5005356989646725
8d3cc8f598564bd5b108ae140e61e94d,post,2025-05-01,6,22.480234778573667,0,9,8,12,29,1.3143653827257074,1.290022114343772,0.0,0.40035169065841203,0.355868169474144,0.533802254211216,1.290022114343772
8d3cc8f598564bd5b108ae140e61e94d,post,2025-06-01,3,9.154219514886206,0,8,3,3,14,1.4074884870348023,1.529349386611692,0.0,0.8739139352066811,0.32771772570250546,0.32771772570250546,1.529349386611692
8d3cc8f598564bd5b108ae140e61e94d,pre,2025-01-01,3,10.188942301311256,0,5,6,4,15,1.3457045044097289,1.4721842126900246,0.0,0.4907280708966749,0.5888736850760099,0.39258245671733993,1.4721842126900246
8d3cc8f598564bd5b108ae140e61e94d,pre,2025-02-01,2,9.479234929197217,0,5,4,1,10,1.794227864498077,1.054937458000831,0.0,0.5274687290004155,0.42197498320033244,0.10549374580008311,1.054937458000831
8d3cc8f598564bd5b108ae140e61e94d,pre,2025-03-01,1,4.325704372350914,0,2,4,0,6,1.3870573399215325,1.3870573399215325,0.0,0.4623524466405108,0.9247048932810216,0.0,1.3870573399215325
8d7f675ff2624ffb9465426c5eb78be3,post,2025-04-01,1,6.614217760037533,0,4,4,1,9,1.360705124402939,1.360705124402939,0.0,0.6047578330679728,0.6047578330679728,0.1511894582669932,1.360705124402939
8d7f675ff2624ffb9465426c5eb78be3,post,2025-05-01,1,6.3640131839832215,0,1,2,2,5,0.7856677626916089,0.7856677626916089,0.0,0.15713355253832179,0.31426710507664357,0.31426710507664357,0.7856677626916089
8d7f675ff2624ffb9465426c5eb78be3,post,2025-06-01,1,3.5474858885499243,0,0,2,1,3,0.845669325897244,0.845669325897244,0.0,0.0,0.5637795505981626,0.2818897752990813,0.845669325897244
8d7f675ff2624ffb9465426c5eb78be3,pre,2025-01-01,5,20.7135662380019,0,8,9,8,25,1.1485546400820226,1.2069384727258625,0.0,0.38622031127227596,0.4344978501813105,0.38622031127227596,1.2069384727258625
8d7f675ff2624ffb9465426c5eb78be3,pre,2025-02-01,2,14.226102516961387,0,6,13,1,20,1.2051387111248837,1.405866432928805,0.0,0.4217599298786415,0.9138131814037233,0.07029332164644025,1.405866432928805
8d7f675ff2624ffb9465426c5eb78be3,pre,2025-03-01,2,13.705831024704406,0,6,6,6,18,1.2806580309872917,1.3133096393466013,0.0,0.4377698797822004,0.4377698797822004,0.4377698797822004,1.3133096393466013
9aafce90055a47a18e0c79089469f85a,post,2025-04-01,3,11.275907002865337,0,6,6,1,13,1.3425091062973937,1.1529006045098236,0.0,0.5321079713122263,0.5321079713122263,0.08868466188537105,1.1529006045098236
9aafce90055a47a18e0c79089469f85a,post,2025-05-01,2,10.30053992032141,0,5,2,6,13,1.2470648316962558,1.262069765328802,0.0,0.4854114482033854,0.19416457928135417,0.5824937378440624,1.262069765328802
9aafce90055a47a18e0c79089469f85a,post,2025-06-01,2,6.936337185823179,0,7,0,1,8,1.1787205894422783,1.1533464688468125,0.0,1.0091781602409609,0.0,0.14416830860585156,1.1533464688468125
9aafce90055a47a18e0c79089469f85a,pre,2025-01-01,4,13.679320400215026,0,2,4,7,13,1.070321516531468,0.9503396089615426,0.0,0.14620609368639118,0.29241218737278235,0.5117213279023691,0.9503396089615426
9aafce90055a47a18e0c79089469f85a,pre,2025-03-01,1,1.981031360218434,0,0,0,0,0,0.0,0.0,0.0,0.0,0.0,0.0,0.0
a3b15fad27184a99ae226cc8dba8efcb,post,2025-04-01,1,3.1255242993900696,0,1,0,0,1,0.3199463207485365,0.3199463207485365,0.0,0.3199463207485365,0.0,0.0,0.3199463207485365
a3b15fad27184a99ae226cc8dba8efcb,post,2025-05-01,2,5.828459971493234,0,4,2,2,8,1.571727529133491,1.372575266730437,0.0,0.6862876333652185,0.34314381668260924,0.34314381668260924,1.372575266730437
a3b15fad27184a99ae226cc8dba8efcb,post,2025-06-01,4,21.479808987517277,0,6,12,5,23,0.9914623750801224,1.0707730228591028,0.0,0.27933209291976596,0.5586641858395319,0.23277674409980498,1.0707730228591028
a3b15fad27184a99ae226cc8dba8efcb,pre,2025-01-01,3,13.703082803795079,0,9,6,5,20,1.4072338860987077,1.4595255889762986,0.0,0.6567865150393343,0.43785767669288955,0.36488139724407465,1.4595255889762986
a3b15fad27184a99ae226cc8dba8efcb,pre,2025-03-01,2,5.704152090064678,0,2,2,3,7,1.5032364047675766,1.227176255028752,0.0,0.350621787151072,0.350621787151072,0.525932680726608,1.227176255028752
a3b15fad27184a99ae226cc8dba8efcb,pre,2025-04-01,2,10.419337528545066,0,6,12,2,20,2.034464684437273,1.9195078329315585,0.0,0.5758523498794675,1.151704699758935,0.19195078329315585,1.9195078329315585
a4df00ef510a44b59fcf6e1910eb6fd2,post,2025-05-01,3,10.71621084242323,0,4,2,6,12,1.3587402138354587,1.1197987960907336,0.0,0.3732662653635779,0.18663313268178894,0.5598993980453668,1.1197987960907336
a4df00ef510a44b59fcf6e1910eb6fd2,post,2025-06-01,3,18.54429050649936,0,5,4,6,15,0.8511511478658232,0.8088742998683521,0.0,0.26962476662278406,0.21569981329822724,0.32354971994734083,0.8088742998683521
a4df00ef510a44b59fcf6e1910eb6fd2,pre,2025-01-01,4,20.9511000639519,0,7,6,5,18,0.7864931696158964,0.8591434313738251,0.0,0.3341113344231542,0.28638114379127505,0.23865095315939586,0.8591434313738251
a4df00ef510a44b59fcf6e1910eb6fd2,pre,2025-02-01,2,4.826381856062341,0,3,1,0,4,0.5485022610652429,0.8287781860806692,0.0,0.6215836395605019,0.2071945465201673,0.0,0.8287781860806692
a4df00ef510a44b59fcf6e1910eb6fd2,pre,2025-03-01,2,10.59597729232679,0,8,5,3,16,1.3749018316939825,1.5100070110179078,0.0,0.7550035055089539,0.4718771909430962,0.28312631456585774,1.5100070110179078
a4df00ef510a44b59fcf6e1910eb6fd2,pre,2025-04-01,1,3.531050679260955,0,2,1,1,4,1.1328073039260924,1.1328073039260924,0.0,0.5664036519630462,0.2832018259815231,0.2832018259815231,1.1328073039260924
b32c79530f6049bd94d61b63a5412020,post,2025-04-01,2,5.631494012493718,0,3,0,1,4,0.7698804988985388,0.7102910863663929,0.0,0.5327183147747947,0.0,0.17757277159159823,0.7102910863663929
b32c79530f6049bd94d61b63a5412020,post,2025-05-01,1,5.033785658626373,0,3,1,1,5,0.9932882206518916,0.9932882206518916,0.0,0.5959729323911349,0.1986576441303783,0.1986576441303783,0.9932882206518916
b32c79530f6049bd94d61b63a5412020,post,2025-06-01,2,7.9023333071747075,0,3,3,2,8,1.0230608463582334,1.012359222147289,0.0,0.3796347083052333,0.3796347083052333,0.25308980553682225,1.012359222147289
b32c79530f6049bd94d61b63a5412020,pre,2025-02-01,3,16.116704790712404,0,2,14,1,17,1.5131204364403457,1.054806191511097,0.0,0.12409484606012904,0.8686639224209033,0.06204742303006452,1.054806191511097
b32c79530f6049bd94d61b63a5412020,pre,2025-03-01,5,19.922384373796184,0,17,7,11,35,1.848182948436659,1.7568178257837115,0.0,0.8533115153806599,0.3513635651567423,0.5521427452463094,1.7568178257837115
b32c79530f6049bd94d61b63a5412020,pre,2025-04-01,1,4.182136318766033,0,3,4,2,9,2.152010196228016,2.1520101962280154,0.0,0.7173367320760051,0.9564489761013402,0.4782244880506701,2.1520101962280154
b52a27b2f0da4fefa31d352987994498,post,2025-04-01,1,3.8219869243081215,0,1,2,0,3,0.7849320417398018,0.784932041739802,0.0,0.26164401391326736,0.5232880278265347,0.0,0.784932041739802
b52a27b2f0da4fefa31d352987994498,post,2025-05-01,4,17.2520929138524,0,3,7,4,14,0.8835948010240972,0.8114957454674288,0.0,0.17389194545730616,0.4057478727337144,0.23185592727640822,0.8114957454674288
b52a27b2f0da4fefa31d352987994498,post,2025-06-01,4,19.158595256698675,0,5,5,2,12,0.4548576380379792,0.6263507234855479,0.0,0.26097946811897826,0.26097946811897826,0.10439178724759131,0.6263507234855479
b52a27b2f0da4fefa31d352987994498,pre,2025-01-01,5,31.58647868152908,0,13,13,16,42,1.3293871319797967,1.3296828818262818,0.0,0.4115685110414682,0.4115685110414682,0.5065458597433454,1.3296828818262818
b52a27b2f0da4fefa31d352987994498,pre,2025-02-01,1,6.816275909864348,0,5,2,1,8,1.1736614106865295,1.1736614106865297,0.0,0.733538381679081,0.29341535267163243,0.14670767633581622,1.1736614106865297
b52a27b2f0da4fefa31d352987994498,pre,2025-03-01,1,4.017348670660636,0,5,3,5,13,3.2359650769028736,3.2359650769028736,0.0,1.2446019526549512,0.7467611715929708,1.2446019526549512,3.2359650769028736
b69a8ff4e1334b9daa098dda8d1c9f13,post,2025-04-01,2,7.475437391486738,0,5,3,2,10,1.284016819239826,1.33771436724068,0.0,0.66885718362034,0.401314310172204,0.267542873448136,1.33771436724068
b69a8ff4e1334b9daa098dda8d1c9f13,post,2025-05-01,4,13.56597200838379,0,7,0,2,9,0.6718575585892832,0.6634246329299506,0.0,0.5159969367232948,0.0,0.1474276962066557,0.6634246329299506
b69a8ff4e1334b9daa098dda8d1c9f13,post,2025-06-01,2,5.740325839301323,0,2,0,0,2,0.2340364440052514,0.34841227762837723,0.0,0.34841227762837723,0.0,0.0,0.34841227762837723
b69a8ff4e1334b9daa098dda8d1c9f13,pre,2025-01-01,1,3.2653617123791103,0,2,0,1,3,0.9187343590839832,0.9187343590839833,0.0,0.6124895727226555,0.0,0.30624478636132774,0.9187343590839833
b69a8ff4e1334b9daa098dda8d1c9f13,pre,2025-02-01,2,9.452713200811708,0,1,4,5,10,0.9787451302748873,1.0578973240340452,0.0,0.10578973240340452,0.42315892961361806,0.5289486620170226,1.0578973240340452
b69a8ff4e1334b9daa098dda8d1c9f13,pre,2025-03-01,7,23.844654657483712,0,17,21,8,46,1.8843129648710903,1.9291535424088337,0.0,0.7129480482815255,0.8807005302301197,0.3355049638971885,1.9291535424088337
b9c40703dcfd40fbafcac4dc20a63295,post,2025-04-01,2,10.796355977019658,0,6,1,3,10,0.7553883460315356,0.9262384476100339,0.0,0.5557430685660204,0.0926238447610034,0.2778715342830102,0.9262384476100339
b9c40703dcfd40fbafcac4dc20a63295,post,2025-05-01,2,11.805210909720827,0,3,4,3,10,0.8148002157171786,0.8470835528881273,0.0,0.2541250658664382,0.33883342115525095,0.2541250658664382,0.8470835528881273
b9c40703dcfd40fbafcac4dc20a63295,post,2025-06-01,4,17.713674087874836,0,14,9,4,27,1.5370586439692135,1.5242461764881254,0.0,0.7903498692901391,0.5080820588293752,0.22581424836861116,1.5242461764881254
b9c40703dcfd40fbafcac4dc20a63295,pre,2025-01-01,2,7.317460838560751,0,4,3,4,11,1.5481493377080753,1.5032536890438017,0.0,0.546637705106837,0.4099782788301277,0.546637705106837,1.5032536890438017
b9c40703dcfd40fbafcac4dc20a63295,pre,2025-02-01,1,4.2875851438742565,0,4,1,4,9,2.0990836795062715,2.0990836795062715,0.0,0.9329260797805651,0.23323151994514127,0.9329260797805651,2.0990836795062715
b9c40703dcfd40fbafcac4dc20a63295,pre,2025-03-01,1,3.2087891342434087,0,3,4,0,7,2.181508259703862,2.181508259703862,0.0,0.9349321113016551,1.2465761484022067,0.0,2.181508259703862
b9c40703dcfd40fbafcac4dc20a63295,pre,2025-04-01,2,11.093148305355406,0,5,10,8,23,2.0647540852514012,2.0733518895529737,0.0,0.4507286716419508,0.9014573432839016,0.7211658746271213,2.0733518895529737
ba9e2cf437e640f2aa38c5cb08ae028f,post,2025-04-01,3,12.563917871578692,0,5,4,4,13,1.0335388130129368,1.0347090877924143,0.0,0.3979650337663132,0.31837202701305056,0.31837202701305056,1.0347090877924143
ba9e2cf437e640f2aa38c5cb08ae028f,post,2025-05-01,1,4.673122012697986,0,3,2,1,6,1.2839382288107544,1.2839382288107544,0.0,0.6419691144053772,0.4279794096035848,0.2139897048017924,1.2839382288107544
ba9e2cf437e640f2aa38c5cb08ae028f,post,2025-06-01,5,24.487064290814295,0,9,8,9,26,1.141384723334007,1.0617850997252147,0.0,0.36754099605872814,0.32670310760775834,0.36754099605872814,1.0617850997252147
ba9e2cf437e640f2aa38c5cb08ae028f,pre,2025-01-01,1,3.372026665186763,0,0,4,1,5,1.4827877998773389,1.4827877998773389,0.0,0.0,1.186230239901871,0.29655755997546773,1.4827877998773389
ba9e2cf437e640f2aa38c5cb08ae028f,pre,2025-02-01,3,13.20650313898022,0,2,4,9,15,1.351209670124928,1.135804068809563,0.0,0.15144054250794173,0.30288108501588346,0.6814824412857378,1.135804068809563
ba9e2cf437e640f2aa38c5cb08ae028f,pre,2025-03-01,3,17.20046110033099,0,9,3,4,16,0.8861885421271865,0.9302076209859345,0.0,0.5232417868045882,0.1744139289348627,0.23255190524648361,0.9302076209859345
be38347662f84cfaaf138568c7af23dc,post,2025-05-01,6,33.599822513049034,0,24,10,14,48,1.3918940987726713,1.4285789748251922,0.0,0.7142894874125961,0.29762061975524834,0.41666886765734773,1.4285789748251922
be38347662f84cfaaf138568c7af23dc,post,2025-06-01,3,16.041982898972044,0,6,6,5,17,1.0606406087977251,1.0597193692987508,0.0,0.3740186009289709,0.3740186009289709,0.31168216744080907,1.0597193692987508
be38347662f84cfaaf138568c7af23dc,pre,2025-01-01,2,7.828931424264525,0,3,5,6,14,1.7879888589485269,1.7882389359816375,0.0,0.3831940577103509,0.6386567628505848,0.7663881154207018,1.7882389359816375
be38347662f84cfaaf138568c7af23dc,pre,2025-02-01,1,4.147648668202406,0,1,2,2,5,1.20550229780359,1.20550229780359,0.0,0.24110045956071802,0.48220091912143603,0.48220091912143603,1.20550229780359
be38347662f84cfaaf138568c7af23dc,pre,2025-03-01,4,20.66824261216413,0,9,15,5,29,1.1394137182805593,1.4031188110271302,0.0,0.43545066549117833,0.725751109151964,0.24191703638398795,1.4031188110271302
c24fe9f453af4415b33f95cce2f5b6be,post,2025-04-01,2,6.5054437216103675,0,3,2,2,7,1.0352169043761672,1.0760219132703848,0.0,0.46115224854445064,0.3074348323629671,0.3074348323629671,1.0760219132703848
c24fe9f453af4415b33f95cce2f5b6be,post,2025-05-01,2,6.8306959341800475,0,5,4,2,11,1.5803246889306313,1.61037764028658,0.0,0.7319898364938999,0.58559186919512,0.29279593459756,1.61037764028658
c24fe9f453af4415b33f95cce2f5b6be,post,2025-06-01,5,20.455947839776965,0,15,4,8,27,1.3514213406701105,1.3199095056107841,0.0,0.7332830586726579,0.1955421489793754,0.3910842979587508,1.3199095056107841
c24fe9f453af4415b33f95cce2f5b6be,pre,2025-01-01,3,12.255916419432744,0,5,7,0,12,0.9027571957180486,0.9791189487040751,0.0,0.40796622862669796,0.5711527200773772,0.0,0.9791189487040751
c24fe9f453af4415b33f95cce2f5b6be,pre,2025-02-01,5,15.31389931682694,0,8,10,3,21,1.3403223798428807,1.3713032563120722,0.0,0.5224012404998369,0.6530015506247963,0.19590046518743887,1.3713032563120722
c24fe9f453af4415b33f95cce2f5b6be,pre,2025-03-01,11,3.847702991557898,0,1,2,1,4,0.09450738906672491,1.039581279733974,0.0,0.2598953199334935,0.519790639866987,0.2598953199334935,1.039581279733974
c8c0ef6adf474887bd7c089f111f50a5,post,2025-05-01,2,6.847470770306984,0,1,6,1,8,1.273673095869933,1.1683145891897464,0.0,0.1460393236487183,0.8762359418923098,0.1460393236487183,1.1683145891897464
c8c0ef6adf474887bd7c089f111f50a5,post,2025-06-01,4,10.866043752378218,0,9,6,4,19,1.6016765555975065,1.748566491446487,0.0,0.8282683380535991,0.5521788920357327,0.36811926135715517,1.748566491446487
c8c0ef6adf474887bd7c089f111f50a5,pre,2025-02-01,2,4.996610339778142,0,2,5,3,10,2.09670202738315,2.0013567838960236,0.0,0.4002713567792047,1.0006783919480118,0.6004070351688071,2.0013567838960236
c8c0ef6adf474887bd7c089f111f50a5,pre,2025-03-01,6,32.30988018358025,0,22,27,12,61,1.8846345514979588,1.887967385004416,0.0,0.6809062700015927,0.8356576950019546,0.37140342000086873,1.887967385004416
c9b8af1f0749489b976e32ed54081f5b,post,2025-05-01,2,12.078443408258638,0,11,4,5,20,2.0458069100868777,1.6558425058584119,0.0,0.9107133782221265,0.3311685011716824,0.41396062646460297,1.6558425058584119
c9b8af1f0749489b976e32ed54081f5b,post,2025-06-01,5,17.2096702027541,0,12,8,2,22,1.336826488726182,1.2783510515198189,0.0,0.697282391738083,0.4648549278253887,0.11621373195634717,1.2783510515198189
c9b8af1f0749489b976e32ed54081f5b,pre,2025-01-01,2,8.51541650705208,0,5,4,2,11,1.2910779427520582,1.2917747465306366,0.0,0.5871703393321075,0.46973627146568603,0.23486813573284301,1.2917747465306366
c9b8af1f0749489b976e32ed54081f5b,pre,2025-02-01,1,3.667827919273983,0,1,6,1,8,2.181127407303104,2.1811274073031037,0.0,0.27264092591288797,1.6358455554773277,0.27264092591288797,2.1811274073031037
c9b8af1f0749489b976e32ed54081f5b,pre,2025-03-01,2,5.14011547194652,0,1,1,1,3,0.40189012520405565,0.5836444757658187,0.0,0.19454815858860622,0.19454815858860622,0.19454815858860622,0.5836444757658187
c9b8af1f0749489b976e32ed54081f5b,pre,2025-04-01,2,6.83861810145745,0,6,5,3,14,2.224077878275395,2.047197224979753,0.0,0.8773702392770371,0.7311418660641976,0.43868511963851853,2.047197224979753
cb97d355264744fa81623e52507508a8,post,2025-05-01,2,7.022204857666299,0,6,4,4,14,2.1201262281234747,1.9936758160388734,0.0,0.8544324925880886,0.5696216617253924,0.5696216617253924,1.9936758160388734
cb97d355264744fa81623e52507508a8,post,2025-06-01,6,28.16927497903387,0,10,8,5,23,0.7670395003931727,0.8164924378465078,0.0,0.3549967121071773,0.28399736968574185,0.17749835605358866,0.8164924378465078
cb97d355264744fa81623e52507508a8,pre,2025-01-01,4,16.041196566329333,0,11,7,7,25,1.8685405006236955,1.5584872298414012,0.0,0.6857343811302166,0.4363764243555924,0.4363764243555924,1.5584872298414012
cb97d355264744fa81623e52507508a8,pre,2025-02-01,1,3.714905739401947,0,2,3,1,6,1.615115004496971,1.6151150044969713,0.0,0.5383716681656571,0.8075575022484857,0.26918583408282853,1.6151150044969713
cb97d355264744fa81623e52507508a8,pre,2025-03-01,4,21.84860603327556,0,11,10,14,35,1.6000070520902903,1.601932862293127,0.0,0.5034646138635542,0.457695103512322,0.6407731449172508,1.601932862293127
cb97d355264744fa81623e52507508a8,pre,2025-04-01,1,7.8146602614637,0,6,5,2,13,1.6635400087840897,1.6635400087840897,0.0,0.7677876963618875,0.6398230803015729,0.2559292321206292,1.6635400087840897
ccb1eb9bc89a47399d56c685a660e62a,post,2025-04-01,2,11.691984727453004,0,8,2,2,12,0.9930556519341003,1.0263441391454926,0.0,0.684229426096995,0.17105735652424875,0.17105735652424875,1.0263441391454926
ccb1eb9bc89a47399d56c685a660e62a,post,2025-05-01,3,14.886593170258205,0,5,3,5,13,0.8193445810728289,0.8732689777519135,0.0,0.335872683750736,0.20152361025044158,0.335872683750736,0.8732689777519135
ccb1eb9bc89a47399d56c685a660e62a,post,2025-06-01,2,12.834325770505762,0,10,7,3,20,1.631102605624062,1.5583210491634467,0.0,0.7791605245817234,0.5454123672072063,0.23374815737451698,1.5583210491634467
ccb1eb9bc89a47399d56c685a660e62a,pre,2025-01-01,2,13.652398157938526,0,10,6,1,17,1.264003558386841,1.245202476761559,0.0,0.7324720451538583,0.43948322709231497,0.07324720451538583,1.245202476761559
ccb1eb9bc89a47399d56c685a660e62a,pre,2025-02-01,2,5.8484096341849305,0,3,12,2,17,3.0375932007390958,2.9067731337819023,0.0,0.5129599647850416,2.0518398591401663,0.3419733098566944,2.9067731337819023
ccb1eb9bc89a47399d56c685a660e62a,pre,2025-03-01,3,8.878438028601595,0,10,5,2,17,1.9388240214608556,1.9147512147108603,0.0,1.126324243947565,0.5631621219737825,0.22526484878951297,1.9147512147108603
ccb1eb9bc89a47399d56c685a660e62a,pre,2025-04-01,2,8.029351405676662,0,2,1,7,10,1.3265910818904072,1.2454306076241863,0.0,0.24908612152483728,0.12454306076241864,0.8718014253369304,1.2454306076241863
d146883c489d426a9c60d213372852c1,post,2025-04-01,1,1.8368888755915305,0,0,1,1,2,1.0887974915499137,1.0887974915499137,0.0,0.0,0.5443987457749568,0.5443987457749568,1.0887974915499137
d146883c489d426a9c60d213372852c1,post,2025-05-01,5,19.350884629770047,0,10,6,10,26,1.5017759527534538,1.343607824522954,0.0,0.5167722402011361,0.3100633441206817,0.5167722402011361,1.343607824522954
d146883c489d426a9c60d213372852c1,post,2025-06-01,2,10.693204828739336,0,3,9,2,14,1.3680279051073552,1.3092426661811654,0.0,0.280551999895964,0.841655999687892,0.18703466659730933,1.3092426661811654
d146883c489d426a9c60d213372852c1,pre,2025-01-01,5,18.508346126740022,0,12,7,2,21,1.1329889417107244,1.1346232589447929,0.0,0.6483561479684531,0.37820775298159764,0.10805935799474219,1.1346232589447929
d146883c489d426a9c60d213372852c1,pre,2025-02-01,1,5.228769182895003,0,2,4,2,8,1.5299967774769234,1.5299967774769234,0.0,0.38249919436923085,0.7649983887384617,0.38249919436923085,1.5299967774769234
d146883c489d426a9c60d213372852c1,pre,2025-03-01,1,5.107213102451487,0,4,2,2,8,1.5664120214917137,1.5664120214917137,0.0,0.7832060107458568,0.3916030053729284,0.3916030053729284,1.5664120214917137
d445010c29f14ccdb0f8b06d2c796c9a,post,2025-04-01,1,4.9914208768829695,0,4,1,1,6,1.2020625284852489,1.2020625284852489,0.0,0.8013750189901658,0.20034375474754146,0.20034375474754146,1.2020625284852489
d445010c29f14ccdb0f8b06d2c796c9a,post,2025-05-01,1,3.382019075167753,0,2,3,0,5,1.478406800456024,1.4784068004560242,0.0,0.5913627201824098,0.8870440802736146,0.0,1.4784068004560242
d445010c29f14ccdb0f8b06d2c796c9a,post,2025-06-01,3,13.10497397014447,0,1,5,7,13,1.0361009549640794,0.99198976126289,0.0,0.07630690471252999,0.38153452356264994,0.5341483329877099,0.99198976126289
d445010c29f14ccdb0f8b06d2c796c9a,pre,2025-02-01,2,7.915683923337561,0,3,3,3,9,1.141002525558979,1.1369832458147533,0.0,0.3789944152715844,0.3789944152715844,0.3789944152715844,1.1369832458147533
d445010c29f14ccdb0f8b06d2c796c9a,pre,2025-03-01,2,6.155349693879408,0,2,2,2,6,1.0116890843854793,0.974761841064224,0.0,0.3249206136880747,0.3249206136880747,0.3249206136880747,0.974761841064224
d445010c29f14ccdb0f8b06d2c796c9a,pre,2025-04-01,2,15.686422066409452,0,8,12,8,28,1.7721845953655364,1.7849832091384665,0.0,0.5099952026109904,0.7649928039164856,0.5099952026109904,1.7849832091384665
d5063378b07548a2854773eaea2e9375,post,2025-05-01,3,10.881016132654445,0,14,10,4,28,2.6879009664223776,2.573289080600724,0.0,1.286644540300362,0.9190318145002585,0.3676127258001034,2.573289080600724
d5063378b07548a2854773eaea2e9375,pre,2025-02-01,2,7.285819628474388,0,1,5,0,6,0.8211949593264909,0.823517504681401,0.0,0.13725291744690016,0.6862645872345008,0.0,0.823517504681401
d5063378b07548a2854773eaea2e9375,pre,2025-03-01,2,7.711182460637042,0,6,1,3,10,1.7324712285896817,1.2968179719578146,0.0,0.7780907831746888,0.12968179719578146,0.3890453915873444,1.2968179719578146
d5063378b07548a2854773eaea2e9375,pre,2025-04-01,1,5.336052884339432,0,3,3,1,7,1.311831076589218,1.311831076589218,0.0,0.5622133185382363,0.5622133185382363,0.18740443951274544,1.311831076589218
defc65ca43d64c62845ea1d40df07d1b,post,2025-05-01,3,10.072939094221248,0,7,4,5,16,1.4296829495436867,1.588414250333257,0.0,0.6949312345208,0.39710356258331425,0.49637945322914284,1.588414250333257
defc65ca43d64c62845ea1d40df07d1b,post,2025-06-01,5,15.518784145149509,0,8,7,2,17,1.1455579668006985,1.0954466433063608,0.0,0.5155043027324051,0.45106626489085444,0.12887607568310128,1.0954466433063608
defc65ca43d64c62845ea1d40df07d1b,pre,2025-01-01,1,3.2737733638853888,0,2,1,1,4,1.2218316772095392,1.2218316772095392,0.0,0.6109158386047696,0.3054579193023848,0.3054579193023848,1.2218316772095392
defc65ca43d64c62845ea1d40df07d1b,pre,2025-02-01,3,10.25617281206732,0,5,1,4,10,0.9157974216866441,0.9750225725754241,0.0,0.48751128628771206,0.09750225725754241,0.39000902903016965,0.9750225725754241
defc65ca43d64c62845ea1d40df07d1b,pre,2025-03-01,4,16.120725213225562,0,9,13,14,36,2.2701010597739315,2.233150154464846,0.0,0.5582875386162115,0.8064153335567499,0.8684472822918845,2.233150154464846
defc65ca43d64c62845ea1d40df07d1b,pre,2025-04-01,1,5.459266122832962,0,4,3,2,9,1.648573232647185,1.648573232647185,0.0,0.73269921450986,0.549524410882395,0.36634960725493,1.648573232647185
e39a0bdcbfb5443686624508bd8b119f,post,2025-04-01,2,6.5881148088709915,0,1,5,2,8,1.2348400638756534,1.214307921475182,0.0,0.15178849018439775,0.7589424509219888,0.3035769803687955,1.214307921475182
e39a0bdcbfb5443686624508bd8b119f,post,2025-05-01,5,20.441400752031353,0,6,5,7,18,0.9131370966740142,0.8805658779627057,0.0,0.2935219593209019,0.24460163276741825,0.3424422858743855,0.8805658779627057
e39a0bdcbfb5443686624508bd8b119f,post,2025-06-01,1,4.783230895388087,0,3,3,1,7,1.4634459747174835,1.4634459747174835,0.0,0.6271911320217787,0.6271911320217787,0.2090637106739262,1.4634459747174835
e39a0bdcbfb5443686624508bd8b119f,pre,2025-01-01,2,19.225640008912297,0,7,15,7,29,1.4285875946703963,1.5084023203678354,0.0,0.36409711181292576,0.7802080967419838,0.36409711181292576,1.5084023203678354
e39a0bdcbfb5443686624508bd8b119f,pre,2025-02-01,1,2.471651578608032,0,2,0,0,2,0.8091755396714719,0.8091755396714719,0.0,0.8091755396714719,0.0,0.0,0.8091755396714719
e39a0bdcbfb5443686624508bd8b119f,pre,2025-03-01,2,8.263579625524287,0,3,6,1,10,1.2119472405377092,1.2101293208469017,0.0,0.36303879625407054,0.7260775925081411,0.12101293208469018,1.2101293208469017
e95be163176b4df699e16c8619b791a1,post,2025-04-01,3,16.053101703396656,0,13,1,2,16,1.079589604843068,0.9966921219102836,0.0,0.8098123490521053,0.06229325761939272,0.12458651523878544,0.9966921219102836
e95be163176b4df699e16c8619b791a1,post,2025-05-01,5,25.600928995114966,0,7,5,10,22,0.9870790263985025,0.859343815382556,0.0,0.2734275776217224,0.19530541258694453,0.39061082517388906,0.859343815382556
e95be163176b4df699e16c8619b791a1,post,2025-06-01,1,3.4305853696902693,0,1,1,2,4,1.1659817695663817,1.1659817695663817,0.0,0.2914954423915954,0.2914954423915954,0.5829908847831908,1.1659817695663817
e95be163176b4df699e16c8619b791a1,pre,2025-01-01,3,17.837135959910746,0,10,6,4,20,1.132205320888848,1.1212562400684911,0.0,0.5606281200342456,0.33637687202054734,0.22425124801369822,1.1212562400684911
e95be163176b4df699e16c8619b791a1,pre,2025-02-01,1,2.186807496522774,0,3,0,1,4,1.8291504882621676,1.8291504882621674,0.0,1.3718628661966257,0.0,0.45728762206554185,1.8291504882621674
e95be163176b4df699e16c8619b791a1,pre,2025-03-01,3,18.098335247909958,0,8,8,5,21,1.3246122581093498,1.1603277159110605,0.0,0.44202960606135644,0.44202960606135644,0.2762685037883478,1.1603277159110605
e95be163176b4df699e16c8619b791a1,pre,2025-04-01,2,5.331505783058251,0,3,2,2,7,1.2155472929678472,1.3129499028667788,0.0,0.5626928155143338,0.3751285436762225,0.3751285436762225,1.3129499028667788
eaba5b5556044f659394037fb4712484,post,2025-04-01,1,2.9445106075021084,0,4,2,1,7,2.377305071398011,2.377305071398011,0.0,1.3584600407988634,0.6792300203994317,0.33961501019971585,2.377305071398011
eaba5b5556044f659394037fb4712484,post,2025-05-01,5,23.003805039326217,0,16,9,10,35,1.4781101179203726,1.5214874208925722,0.0,0.6955371066937472,0.39123962251523287,0.43471069168359205,1.5214874208925722
eaba5b5556044f659394037fb4712484,post,2025-06-01,3,15.124536540049458,0,15,2,9,26,1.7259251170765193,1.7190609398940946,0.0,0.9917659268619776,0.13223545691493035,0.5950595561171866,1.7190609398940946
eaba5b5556044f659394037fb4712484,pre,2025-01-01,4,14.32873653449418,0,16,9,2,27,1.7392941519682559,1.884325246332902,0.0,1.1166371830120903,0.6281084154443007,0.13957964787651128,1.884325246332902
eaba5b5556044f659394037fb4712484,pre,2025-02-01,2,9.279814373332297,0,10,4,2,16,1.7278407705471996,1.7241724194375825,0.0,1.0776077621484892,0.4310431048593956,0.2155215524296978,1.7241724194375825
eaba5b5556044f659394037fb4712484,pre,2025-03-01,2,9.038791809852391,0,6,3,5,14,1.5542727376362828,1.5488795731239027,0.0,0.6638055313388155,0.33190276566940774,0.5531712761156795,1.5488795731239027
eaba5b5556044f659394037fb4712484,pre,2025-04-01,1,8.533804481361186,0,4,4,4,12,1.4061723614841874,1.4061723614841874,0.0,0.46872412049472917,0.46872412049472917,0.46872412049472917,1.4061723614841874
f2cecf111d2646248776c284ed8266cc,post,2025-04-01,3,9.808742189220611,0,8,7,0,15,1.6870126937794137,1.5292480636798018,0.0,0.8155989672958943,0.7136490963839075,0.0,1.5292480636798018
f2cecf111d2646248776c284ed8266cc,post,2025-05-01,4,10.858867695601287,0,3,1,6,10,1.026592241361382,0.9209063302291456,0.0,0.27627189906874366,0.09209063302291456,0.5525437981374873,0.9209063302291456
f2cecf111d2646248776c284ed8266cc,post,2025-06-01,1,1.4444037606225852,0,1,1,2,4,2.7693087688139704,2.7693087688139704,0.0,0.6923271922034926,0.6923271922034926,1.3846543844069852,2.7693087688139704
f2cecf111d2646248776c284ed8266cc,pre,2025-01-01,2,14.94817560257517,0,11,7,8,26,1.729205098236692,1.73934269246348,0.0,0.7358757545037801,0.46828457104786003,0.5351823669118401,1.73934269246348
f2cecf111d2646248776c284ed8266cc,pre,2025-02-01,4,16.824477842423256,0,9,6,6,21,1.3038159497041697,1.2481813817156382,0.0,0.5349348778781307,0.35662325191875377,0.35662325191875377,1.2481813817156382
f2cecf111d2646248776c284ed8266cc,pre,2025-03-01,2,6.4224381054609765,0,2,7,1,10,1.5492781123238348,1.5570410856115586,0.0,0.3114082171223117,1.089928759928091,0.15570410856115585,1.5570410856115586
f2cecf111d2646248776c284ed8266cc,pre,2025-04-01,1,5.284939577359696,0,4,2,1,7,1.3245184542861193,1.3245184542861193,0.0,0.7568676881634967,0.37843384408174835,0.18921692204087417,1.3245184542861193
fab5202d978a4f2bb68c23bbd5037da8,post,2025-04-01,2,13.261100595084164,0,2,8,6,16,1.2028391906219154,1.2065363568640097,0.0,0.15081704460800122,0.6032681784320049,0.4524511338240037,1.2065363568640097
fab5202d978a4f2bb68c23bbd5037da8,post,2025-05-01,3,11.357378732947675,0,3,2,1,6,0.5746475293398156,0.5282909147507816,0.0,0.2641454573753908,0.17609697158359386,0.08804848579179693,0.5282909147507816
fab5202d978a4f2bb68c23bbd5037da8,post,2025-06-01,1,4.950706348541072,0,4,3,0,7,1.413939649654809,1.4139396496548087,0.0,0.8079655140884621,0.6059741355663466,0.0,1.4139396496548087
fab5202d978a4f2bb68c23bbd5037da8,pre,2025-01-01,2,6.946988586449135,0,7,1,1,9,1.2334941572988458,1.2955253759241077,0.0,1.0076308479409726,0.14394726399156751,0.14394726399156751,1.2955253759241077
fab5202d978a4f2bb68c23bbd5037da8,pre,2025-03-01,2,7.613585813343736,0,8,1,3,12,1.540695953086447,1.5761298676070006,0.0,1.0507532450713337,0.13134415563391671,0.39403246690175014,1.5761298676070006
fde2feb5cf7b4ac3a7a7b937a80f78b5,post,2025-05-01,2,4.36878940664611,0,6,0,0,6,1.582287170070822,1.3733781699050034,0.0,1.3733781699050034,0.0,0.0,1.3733781699050034
fde2feb5cf7b4ac3a7a7b937a80f78b5,post,2025-06-01,6,26.64328861133254,0,10,8,8,26,0.8797513346943586,0.9758555101542937,0.0,0.37532904236703607,0.30026323389362886,0.30026323389362886,0.9758555101542937
fde2feb5cf7b4ac3a7a7b937a80f78b5,pre,2025-01-01,2,8.315865585652034,0,3,4,1,8,0.8020378361138122,0.9620165114023704,0.0,0.3607561917758889,0.4810082557011852,0.1202520639252963,0.9620165114023704
fde2feb5cf7b4ac3a7a7b937a80f78b5,pre,2025-02-01,3,10.594914785272017,0,9,6,3,18,1.799266834637369,1.698928246692629,0.0,0.8494641233463145,0.5663094155642097,0.28315470778210483,1.698928246692629
fde2feb5cf7b4ac3a7a7b937a80f78b5,pre,2025-03-01,2,6.571584178700133,0,3,3,3,9,1.3943317328345075,1.3695327877212418,0.0,0.4565109292404139,0.4565109292404139,0.4565109292404139,1.3695327877212418
fde2feb5cf7b4ac3a7a7b937a80f78b5,pre,2025-04-01,2,7.520103627428858,0,6,4,5,15,2.154969311287082,1.9946533642553723,0.0,0.797861345702149,0.5319075638014326,0.6648844547517907,1.9946533642553723
ff33bebe43c54354babd0cc0fa57a873,post,2025-05-01,5,20.777216450542788,0,7,7,4,18,0.9195434719803284,0.8663335650781924,0.0,0.33690749753040816,0.33690749753040816,0.19251857001737607,0.8663335650781924
ff33bebe43c54354babd0cc0fa57a873,post,2025-06-01,1,1.4281605305557823,0,1,0,0,1,0.7002013979554808,0.7002013979554809,0.0,0.7002013979554809,0.0,0.0,0.7002013979554809
ff33bebe43c54354babd0cc0fa57a873,pre,2025-02-01,2,10.64132398177252,0,4,10,3,17,1.5526233661662652,1.597545571314174,0.0,0.37589307560333507,0.9397326890083376,0.2819198067025013,1.597545571314174
ff33bebe43c54354babd0cc0fa57a873,pre,2025-03-01,3,11.17619092899572,0,6,2,5,13,1.1499916796346288,1.1631870001677007,0.0,0.5368555385389389,0.17895184617964627,0.4473796154491157,1.1631870001677007
ff33bebe43c54354babd0cc0fa57a873,pre,2025-04-01,2,11.694376963551694,0,4,4,3,11,1.0691100078112286,0.9406230049094634,0.0,0.34204472905798666,0.34204472905798666,0.25653354679349,0.9406230049094634
